{
  "name": "v-accordion",
  "description": "vAccordion - AngularJS multi-level accordion component",
  "keywords": [
    "AngularJS",
    "accordion",
    "multi-level",
    "component",
    "directive",
    "module"
  ],
  "authors": [
    "Łukasz Wątroba <l@lukaszwatroba.com>"
  ],
  "main": [
    "dist/v-accordion.js",
    "dist/v-accordion.css"
  ],
  "dependencies": {
    "angular": "^1.3.0",
    "angular-animate": "^1.3.0"
  },
  "devDependencies": {
    "angular-mocks": "~1.4.0",
    "angular-scenario": "~1.4.0",
    "valitycss": "~0.3.1"
  },
  "homepage": "https://github.com/LukaszWatroba/v-accordion",
  "version": "1.5.2",
  "_release": "1.5.2",
  "_resolution": {
    "type": "version",
    "tag": "v1.5.2",
    "commit": "fc45994b9ae35fe46ad7920577e58f1b80f1ab5c"
  },
  "_source": "git://github.com/LukaszWatroba/v-accordion.git",
  "_target": "^1.5.1",
  "_originalSource": "v-accordion"
}